-- --------------------------------------------------------
-- Host:                         127.0.0.1
-- Server version:               10.4.32-MariaDB - mariadb.org binary distribution
-- Server OS:                    Win64
-- HeidiSQL Version:             12.8.0.6908
-- --------------------------------------------------------

/*!40101 SET @OLD_CHARACTER_SET_CLIENT=@@CHARACTER_SET_CLIENT */;
/*!40101 SET NAMES utf8 */;
/*!50503 SET NAMES utf8mb4 */;
/*!40103 SET @OLD_TIME_ZONE=@@TIME_ZONE */;
/*!40103 SET TIME_ZONE='+00:00' */;
/*!40014 SET @OLD_FOREIGN_KEY_CHECKS=@@FOREIGN_KEY_CHECKS, FOREIGN_KEY_CHECKS=0 */;
/*!40101 SET @OLD_SQL_MODE=@@SQL_MODE, SQL_MODE='NO_AUTO_VALUE_ON_ZERO' */;
/*!40111 SET @OLD_SQL_NOTES=@@SQL_NOTES, SQL_NOTES=0 */;


-- Dumping database structure for project_data
CREATE DATABASE IF NOT EXISTS `project_data` /*!40100 DEFAULT CHARACTER SET utf8mb4 COLLATE utf8mb4_general_ci */;
USE `project_data`;

-- Dumping structure for table project_data.api_log
CREATE TABLE IF NOT EXISTS `api_log` (
  `user_id` int(11) DEFAULT NULL,
  `URL` varchar(100) DEFAULT NULL,
  `DATA` text DEFAULT NULL,
  KEY `user_id` (`user_id`),
  CONSTRAINT `user_id` FOREIGN KEY (`user_id`) REFERENCES `user_master` (`id`)
) ENGINE=InnoDB DEFAULT CHARSET=utf8mb4 COLLATE=utf8mb4_general_ci;

-- Dumping data for table project_data.api_log: ~66 rows (approximately)
INSERT INTO `api_log` (`user_id`, `URL`, `DATA`) VALUES
	(110, 'http/localhost/angular_project/api/invoice_master/get_permission', NULL),
	(110, 'http/localhost/angular_project/api/invoice_master/last_invoice_number', NULL),
	(110, 'http/localhost/angular_project/api/Dashboard/Menu', NULL),
	(110, 'http/localhost/angular_project/api/invoice_master/last_invoice_number', ''),
	(110, 'http/localhost/angular_project/api/Dashboard/Menu', ''),
	(110, 'http/localhost/angular_project/api/invoice_master/get_permission', ''),
	(110, 'http/localhost/angular_project/api/invoice_master/get_invoice_data', '{"name":null,"phone":null,"email":null,"invoice_no":null,"invoice_date":null,"colname":"id","order":"DESc","page_no":1,"row_no":4}'),
	(110, 'http/localhost/angular_project/api/item_master/get_item_data', '{"itemName":null,"colname":"id","order":"DESc","page_no":1,"row_no":4}'),
	(110, 'http/localhost/angular_project/api/item_master/get_permission', ''),
	(110, 'http/localhost/angular_project/api/Dashboard/Menu', ''),
	(110, 'http/localhost/angular_project/api/item_master/get_permission', ''),
	(110, 'http/localhost/angular_project/api/item_master/get_item_data', '{"itemName":null,"colname":"id","order":"DESc","page_no":1,"row_no":4}'),
	(110, 'http/localhost/angular_project/api/item_master/get_item_data', '{"itemName":null,"colname":"id","order":"DESc","page_no":1,"row_no":4}'),
	(110, 'http/localhost/angular_project/api/Dashboard/Menu', ''),
	(110, 'http/localhost/angular_project/api/item_master/get_permission', ''),
	(110, 'http/localhost/angular_project/api/dashboard', ''),
	(110, 'http/localhost/angular_project/api/item_master/get_permission', ''),
	(110, 'http/localhost/angular_project/api/user_master/get_user_data', '{"name":null,"phone":null,"email":null,"colname":"id","order":"DESc","page_no":1,"row_no":4}'),
	(110, 'http/localhost/angular_project/api/Client_master/get_states', ''),
	(110, 'http/localhost/angular_project/api/client_master/get_permission', ''),
	(110, 'http/localhost/angular_project/api/Client_master/get_client_data', '{"name":null,"phone":null,"email":null,"address":null,"colname":"id","order":"DESc","page_no":1,"row_no":4}'),
	(110, 'http/localhost/angular_project/api/item_master/get_permission', ''),
	(110, 'http/localhost/angular_project/api/item_master/get_item_data', '{"itemName":null,"colname":"id","order":"DESc","page_no":1,"row_no":4}'),
	(110, 'http/localhost/angular_project/api/invoice_master/get_invoice_data', '{"name":null,"phone":null,"email":null,"invoice_no":null,"invoice_date":null,"colname":"id","order":"DESc","page_no":1,"row_no":4}'),
	(110, 'http/localhost/angular_project/api/invoice_master/get_permission', ''),
	(110, 'http/localhost/angular_project/api/invoice_master/last_invoice_number', ''),
	(110, 'http/localhost/angular_project/api/User_permission/get_users', ''),
	(110, 'http/localhost/angular_project/api/User_permission/get_users', ''),
	(110, 'http/localhost/angular_project/api/Dashboard/Menu', ''),
	(110, 'http/localhost/angular_project/api/Dashboard/Menu', ''),
	(110, 'http/localhost/angular_project/api/User_permission/get_users', ''),
	(110, 'http/localhost/angular_project/api/dashboard', ''),
	(110, 'http/localhost/angular_project/api/item_master/get_permission', ''),
	(110, 'http/localhost/angular_project/api/user_master/get_user_data', '{"name":null,"phone":null,"email":null,"colname":"id","order":"DESc","page_no":1,"row_no":4}'),
	(110, 'http/localhost/angular_project/api/Client_master/get_client_data', '{"name":null,"phone":null,"email":null,"address":null,"colname":"id","order":"DESc","page_no":1,"row_no":4}'),
	(110, 'http/localhost/angular_project/api/client_master/get_permission', ''),
	(110, 'http/localhost/angular_project/api/Client_master/get_states', ''),
	(110, 'http/localhost/angular_project/api/item_master/get_permission', ''),
	(110, 'http/localhost/angular_project/api/item_master/get_item_data', '{"itemName":null,"colname":"id","order":"DESc","page_no":1,"row_no":4}'),
	(110, 'http/localhost/angular_project/api/user_master/get_user_data', '{"name":null,"phone":null,"email":null,"colname":"id","order":"DESc","page_no":1,"row_no":4}'),
	(110, 'http/localhost/angular_project/api/item_master/get_permission', ''),
	(110, 'http/localhost/angular_project/api/Client_master/get_states', ''),
	(110, 'http/localhost/angular_project/api/client_master/get_permission', ''),
	(110, 'http/localhost/angular_project/api/Client_master/get_client_data', '{"name":null,"phone":null,"email":null,"address":null,"colname":"id","order":"DESc","page_no":1,"row_no":4}'),
	(110, 'http/localhost/angular_project/api/item_master/get_permission', ''),
	(110, 'http/localhost/angular_project/api/item_master/get_item_data', '{"itemName":null,"colname":"id","order":"DESc","page_no":1,"row_no":4}'),
	(110, 'http/localhost/angular_project/api/invoice_master/get_invoice_data', '{"name":null,"phone":null,"email":null,"invoice_no":null,"invoice_date":null,"colname":"id","order":"DESc","page_no":1,"row_no":4}'),
	(110, 'http/localhost/angular_project/api/invoice_master/last_invoice_number', ''),
	(110, 'http/localhost/angular_project/api/invoice_master/get_permission', ''),
	(110, 'http/localhost/angular_project/api/User_permission/get_users', ''),
	(110, 'http/localhost/angular_project/api/dashboard', ''),
	(110, 'http/localhost/angular_project/api/item_master/get_permission', ''),
	(110, 'http/localhost/angular_project/api/user_master/get_user_data', '{"name":null,"phone":null,"email":null,"colname":"id","order":"DESc","page_no":1,"row_no":4}'),
	(110, 'http/localhost/angular_project/api/Client_master/get_client_data', '{"name":null,"phone":null,"email":null,"address":null,"colname":"id","order":"DESc","page_no":1,"row_no":4}'),
	(110, 'http/localhost/angular_project/api/Client_master/get_states', ''),
	(110, 'http/localhost/angular_project/api/client_master/get_permission', ''),
	(110, 'http/localhost/angular_project/api/Client_master/get_client_data', '{"name":null,"phone":null,"email":null,"address":null,"colname":"id","order":"DESc","page_no":1,"row_no":4}'),
	(110, 'http/localhost/angular_project/api/Client_master/get_states', ''),
	(110, 'http/localhost/angular_project/api/Dashboard/Menu', ''),
	(110, 'http/localhost/angular_project/api/client_master/get_permission', ''),
	(110, 'http/localhost/angular_project/api/item_master/get_item_data', '{"itemName":null,"colname":"id","order":"DESc","page_no":1,"row_no":4}'),
	(110, 'http/localhost/angular_project/api/item_master/get_permission', ''),
	(110, 'http/localhost/angular_project/api/invoice_master/last_invoice_number', ''),
	(110, 'http/localhost/angular_project/api/invoice_master/get_invoice_data', '{"name":null,"phone":null,"email":null,"invoice_no":null,"invoice_date":null,"colname":"id","order":"DESc","page_no":1,"row_no":4}'),
	(110, 'http/localhost/angular_project/api/invoice_master/get_permission', ''),
	(110, 'http/localhost/angular_project/api/User_permission/get_users', ''),
	(110, 'http/localhost/angular_project/api/Dashboard/Menu', ''),
	(110, 'http/localhost/angular_project/api/User_permission/get_users', ''),
	(110, 'http/localhost/angular_project/api/dashboard', ''),
	(110, 'http/localhost/angular_project/api/user_master/get_user_data', '{"name":null,"phone":null,"email":null,"colname":"id","order":"DESc","page_no":1,"row_no":4}'),
	(110, 'http/localhost/angular_project/api/item_master/get_permission', ''),
	(110, 'http/localhost/angular_project/api/client_master/get_permission', ''),
	(110, 'http/localhost/angular_project/api/Client_master/get_states', ''),
	(110, 'http/localhost/angular_project/api/Client_master/get_client_data', '{"name":null,"phone":null,"email":null,"address":null,"colname":"id","order":"DESc","page_no":1,"row_no":4}'),
	(110, 'http/localhost/angular_project/api/User_permission/get_users', ''),
	(116, 'http/localhost/angular_project/api/Dashboard/Menu', ''),
	(110, 'http/localhost/angular_project/api/Dashboard/Menu', ''),
	(110, 'http/localhost/angular_project/api/User_permission/get_users', ''),
	(110, 'http/localhost/angular_project/api/User_permission/permission_records', '116'),
	(110, 'http/localhost/angular_project/api/User_permission/add_permission_records', '{"permission_data":[{"menu_name":"Dashboard","menu_id":"1","user_id":"116","add_records":true,"update_records":true,"delete_records":true,"view_page":true},{"menu_name":"User Master","menu_id":"2","user_id":"116","add_records":false,"update_records":false,"delete_records":false,"view_page":true},{"menu_name":"Client Master","menu_id":"3","user_id":"116","add_records":true,"update_records":false,"delete_records":false,"view_page":false},{"menu_name":"Item Master","menu_id":"4","user_id":"116","add_records":true,"update_records":true,"delete_records":true,"view_page":false},{"menu_name":"invoice Master","menu_id":"5","user_id":"116","add_records":false,"update_records":false,"delete_records":false,"view_page":false},{"menu_name":"User Permission","menu_id":"6","user_id":"116","add_records":true,"update_records":true,"delete_records":false,"view_page":false}]}'),
	(110, 'http/localhost/angular_project/api/User_permission/permission_records', '89'),
	(110, 'http/localhost/angular_project/api/User_permission/add_permission_records', '{"permission_data":[{"menu_name":"Dashboard","menu_id":"1","user_id":"89","add_records":true,"update_records":false,"delete_records":false,"view_page":true},{"menu_name":"User Master","menu_id":"2","user_id":"89","add_records":false,"update_records":false,"delete_records":true,"view_page":false},{"menu_name":"Client Master","menu_id":"3","user_id":"89","add_records":false,"update_records":true,"delete_records":false,"view_page":true},{"menu_name":"Item Master","menu_id":"4","user_id":"89","add_records":true,"update_records":false,"delete_records":false,"view_page":false},{"menu_name":"invoice Master","menu_id":"5","user_id":"89","add_records":true,"update_records":true,"delete_records":false,"view_page":false},{"menu_name":"User Permission","menu_id":"6","user_id":"89","add_records":false,"update_records":false,"delete_records":false,"view_page":false}]}'),
	(110, 'http/localhost/angular_project/api/dashboard', ''),
	(110, 'http/localhost/angular_project/api/item_master/get_permission', ''),
	(110, 'http/localhost/angular_project/api/user_master/get_user_data', '{"name":null,"phone":null,"email":null,"colname":"id","order":"DESc","page_no":1,"row_no":4}'),
	(116, 'http/localhost/angular_project/api/Dashboard/Menu', ''),
	(116, 'http/localhost/angular_project/api/dashboard', ''),
	(116, 'http/localhost/angular_project/api/item_master/get_permission', ''),
	(116, 'http/localhost/angular_project/api/user_master/get_user_data', '{"name":null,"phone":null,"email":null,"colname":"id","order":"DESc","page_no":1,"row_no":4}'),
	(116, 'http/localhost/angular_project/api/dashboard', ''),
	(116, 'http/localhost/angular_project/api/Dashboard/Menu', ''),
	(116, 'http/localhost/angular_project/api/dashboard', ''),
	(116, 'http/localhost/angular_project/api/Dashboard/Menu', ''),
	(116, 'http/localhost/angular_project/api/dashboard', ''),
	(116, 'http/localhost/angular_project/api/Dashboard/Menu', ''),
	(116, 'http/localhost/angular_project/api/dashboard', ''),
	(116, 'http/localhost/angular_project/api/Dashboard/Menu', ''),
	(116, 'http/localhost/angular_project/api/dashboard', ''),
	(116, 'http/localhost/angular_project/api/item_master/get_permission', ''),
	(116, 'http/localhost/angular_project/api/user_master/get_user_data', '{"name":null,"phone":null,"email":null,"colname":"id","order":"DESc","page_no":1,"row_no":4}'),
	(116, 'http/localhost/angular_project/api/Dashboard/Menu', ''),
	(93, 'http/localhost/angular_project/api/Dashboard/Menu', ''),
	(110, 'http/localhost/angular_project/api/Dashboard/Menu', ''),
	(110, 'http/localhost/angular_project/api/dashboard', ''),
	(110, 'http/localhost/angular_project/api/item_master/get_permission', ''),
	(110, 'http/localhost/angular_project/api/user_master/get_user_data', '{"name":null,"phone":null,"email":null,"colname":"id","order":"DESc","page_no":1,"row_no":4}'),
	(110, 'http/localhost/angular_project/api/dashboard', ''),
	(110, 'http/localhost/angular_project/api/item_master/get_permission', ''),
	(110, 'http/localhost/angular_project/api/user_master/get_user_data', '{"name":null,"phone":null,"email":null,"colname":"id","order":"DESc","page_no":1,"row_no":4}'),
	(110, 'http/localhost/angular_project/api/client_master/get_permission', ''),
	(110, 'http/localhost/angular_project/api/Client_master/get_states', ''),
	(110, 'http/localhost/angular_project/api/Client_master/get_client_data', '{"name":null,"phone":null,"email":null,"address":null,"colname":"id","order":"DESc","page_no":1,"row_no":4}'),
	(110, 'http/localhost/angular_project/api/dashboard', ''),
	(110, 'http/localhost/angular_project/api/user_master/get_user_data', '{"name":null,"phone":null,"email":null,"colname":"id","order":"DESc","page_no":1,"row_no":4}'),
	(110, 'http/localhost/angular_project/api/item_master/get_permission', ''),
	(110, 'http/localhost/angular_project/api/client_master/get_permission', ''),
	(110, 'http/localhost/angular_project/api/Client_master/get_states', ''),
	(110, 'http/localhost/angular_project/api/Client_master/get_client_data', '{"name":null,"phone":null,"email":null,"address":null,"colname":"id","order":"DESc","page_no":1,"row_no":4}'),
	(110, 'http/localhost/angular_project/api/item_master/get_item_data', '{"itemName":null,"colname":"id","order":"DESc","page_no":1,"row_no":4}'),
	(110, 'http/localhost/angular_project/api/item_master/get_permission', ''),
	(110, 'http/localhost/angular_project/api/invoice_master/get_invoice_data', '{"name":null,"phone":null,"email":null,"invoice_no":null,"invoice_date":null,"colname":"id","order":"DESc","page_no":1,"row_no":4}'),
	(110, 'http/localhost/angular_project/api/invoice_master/last_invoice_number', ''),
	(110, 'http/localhost/angular_project/api/invoice_master/get_permission', ''),
	(110, 'http/localhost/angular_project/api/User_permission/get_users', ''),
	(110, 'http/localhost/angular_project/api/invoice_master/get_invoice_data', '{"name":null,"phone":null,"email":null,"invoice_no":null,"invoice_date":null,"colname":"id","order":"DESc","page_no":1,"row_no":4}'),
	(110, 'http/localhost/angular_project/api/invoice_master/get_permission', ''),
	(110, 'http/localhost/angular_project/api/invoice_master/last_invoice_number', ''),
	(110, 'http/localhost/angular_project/api/item_master/get_item_data', '{"itemName":null,"colname":"id","order":"DESc","page_no":1,"row_no":4}'),
	(110, 'http/localhost/angular_project/api/item_master/get_permission', ''),
	(110, 'http/localhost/angular_project/api/User_permission/get_users', ''),
	(110, 'http/localhost/angular_project/api/User_permission/permission_records', '92'),
	(110, 'http/localhost/angular_project/api/User_permission/add_permission_records', '{"permission_data":[{"menu_name":"Dashboard","menu_id":"1","user_id":"92","add_records":true,"update_records":true,"delete_records":false,"view_page":true},{"menu_name":"User Master","menu_id":"2","user_id":"92","add_records":false,"update_records":false,"delete_records":true,"view_page":false},{"menu_name":"Client Master","menu_id":"3","user_id":"92","add_records":true,"update_records":false,"delete_records":false,"view_page":true},{"menu_name":"Item Master","menu_id":"4","user_id":"92","add_records":false,"update_records":true,"delete_records":true,"view_page":false},{"menu_name":"invoice Master","menu_id":"5","user_id":"92","add_records":true,"update_records":false,"delete_records":false,"view_page":false},{"menu_name":"User Permission","menu_id":"6","user_id":"92","add_records":false,"update_records":true,"delete_records":true,"view_page":false}]}'),
	(110, 'http/localhost/angular_project/api/User_permission/get_users', ''),
	(110, 'http/localhost/angular_project/api/Dashboard/Menu', ''),
	(110, 'http/localhost/angular_project/api/dashboard', ''),
	(110, 'http/localhost/angular_project/api/Dashboard/Menu', ''),
	(110, 'http/localhost/angular_project/api/dashboard', ''),
	(110, 'http/localhost/angular_project/api/user_master/get_user_data', '{"name":null,"phone":null,"email":null,"colname":"id","order":"DESc","page_no":1,"row_no":4}'),
	(110, 'http/localhost/angular_project/api/item_master/get_permission', ''),
	(110, 'http/localhost/angular_project/api/Client_master/get_states', ''),
	(110, 'http/localhost/angular_project/api/client_master/get_permission', ''),
	(110, 'http/localhost/angular_project/api/Client_master/get_client_data', '{"name":null,"phone":null,"email":null,"address":null,"colname":"id","order":"DESc","page_no":1,"row_no":4}'),
	(110, 'http/localhost/angular_project/api/item_master/get_item_data', '{"itemName":null,"colname":"id","order":"DESc","page_no":1,"row_no":4}'),
	(110, 'http/localhost/angular_project/api/item_master/get_permission', ''),
	(110, 'http/localhost/angular_project/api/invoice_master/get_permission', ''),
	(110, 'http/localhost/angular_project/api/invoice_master/last_invoice_number', ''),
	(110, 'http/localhost/angular_project/api/invoice_master/get_invoice_data', '{"name":null,"phone":null,"email":null,"invoice_no":null,"invoice_date":null,"colname":"id","order":"DESc","page_no":1,"row_no":4}'),
	(110, 'http/localhost/angular_project/api/User_permission/get_users', ''),
	(110, 'http/localhost/angular_project/api/invoice_master/get_invoice_data', '{"name":null,"phone":null,"email":null,"invoice_no":null,"invoice_date":null,"colname":"id","order":"DESc","page_no":1,"row_no":4}'),
	(110, 'http/localhost/angular_project/api/invoice_master/get_permission', ''),
	(110, 'http/localhost/angular_project/api/invoice_master/last_invoice_number', ''),
	(110, 'http/localhost/angular_project/api/item_master/get_item_data', '{"itemName":null,"colname":"id","order":"DESc","page_no":1,"row_no":4}'),
	(110, 'http/localhost/angular_project/api/item_master/get_permission', ''),
	(110, 'http/localhost/angular_project/api/client_master/get_permission', ''),
	(110, 'http/localhost/angular_project/api/Client_master/get_client_data', '{"name":null,"phone":null,"email":null,"address":null,"colname":"id","order":"DESc","page_no":1,"row_no":4}'),
	(110, 'http/localhost/angular_project/api/Client_master/get_states', '');

-- Dumping structure for table project_data.client_master
CREATE TABLE IF NOT EXISTS `client_master` (
  `id` int(11) NOT NULL AUTO_INCREMENT,
  `name` varchar(50) NOT NULL,
  `phone` bigint(20) NOT NULL,
  `address` varchar(100) NOT NULL,
  `state_id` int(4) NOT NULL,
  `district_id` int(4) NOT NULL,
  `pincode` int(10) NOT NULL,
  `email` varchar(50) NOT NULL,
  PRIMARY KEY (`id`),
  UNIQUE KEY `email` (`email`),
  UNIQUE KEY `phone` (`phone`)
) ENGINE=InnoDB AUTO_INCREMENT=15 DEFAULT CHARSET=utf8mb4 COLLATE=utf8mb4_general_ci;

-- Dumping data for table project_data.client_master: ~5 rows (approximately)
INSERT INTO `client_master` (`id`, `name`, `phone`, `address`, `state_id`, `district_id`, `pincode`, `email`) VALUES
	(1, 'prachi', 21474834554, 'gajiyabad', 9, 226, 435345, 'kiran@gmail.com'),
	(3, 'kiran', 2147483647, 'nail', 16, 406, 263665, 'karan@gmail.com'),
	(8, 'kiran', 575675675677, 'Nail, almora, nail chaukota, uttarakhand, 263665', 27, 710, 263665, 'dimpalbasnal@gmail.com'),
	(9, 'karan rawat12', 456456456456, 'Nail', 27, 712, 263665, 'dimpalbasn23al@gmail.com'),
	(12, 'kiran', 765734657347, 'nail', 4, 93, 263665, 'kirabndhfgdf@gmail.com');

-- Dumping structure for table project_data.district_master
CREATE TABLE IF NOT EXISTS `district_master` (
  `district_id` smallint(5) NOT NULL AUTO_INCREMENT,
  `district_name` varchar(100) NOT NULL,
  `state_id` smallint(5) NOT NULL,
  PRIMARY KEY (`district_id`),
  KEY `state_id` (`state_id`),
  CONSTRAINT `district_master_ibfk_1` FOREIGN KEY (`state_id`) REFERENCES `state_master` (`state_id`),
  CONSTRAINT `district_master_ibfk_2` FOREIGN KEY (`state_id`) REFERENCES `state_master` (`state_id`)
) ENGINE=InnoDB AUTO_INCREMENT=789 DEFAULT CHARSET=utf8mb4 COLLATE=utf8mb4_general_ci;

-- Dumping data for table project_data.district_master: ~788 rows (approximately)
INSERT INTO `district_master` (`district_id`, `district_name`, `state_id`) VALUES
	(1, 'Alluri Sitharama Raju', 1),
	(2, 'Anakapalli', 1),
	(3, 'Ananthapuramu', 1),
	(4, 'Annamayya', 1),
	(5, 'Bapatla', 1),
	(6, 'Chittoor', 1),
	(7, 'Dr. B.R. Ambedkar Konaseema', 1),
	(8, 'East Godavari', 1),
	(9, 'Eluru', 1),
	(10, 'Guntur', 1),
	(11, 'Kakinada', 1),
	(12, 'Krishna', 1),
	(13, 'Kurnool', 1),
	(14, 'Nandyal', 1),
	(15, 'Ntr', 1),
	(16, 'Palnadu', 1),
	(17, 'Parvathipuram Manyam', 1),
	(18, 'Prakasam', 1),
	(19, 'Sri Potti Sriramulu Nellore', 1),
	(20, 'Sri Sathya Sai', 1),
	(21, 'Srikakulam', 1),
	(22, 'Tirupati', 1),
	(23, 'Visakhapatnam', 1),
	(24, 'Vizianagaram', 1),
	(25, 'West Godavari', 1),
	(26, 'Y.S.R.', 1),
	(27, 'Anjaw', 2),
	(28, 'Bichom', 2),
	(29, 'Changlang', 2),
	(30, 'Dibang Valley', 2),
	(31, 'East Kameng', 2),
	(32, 'East Siang', 2),
	(33, 'Itanagar', 2),
	(34, 'Kamle', 2),
	(35, 'Keyi Panyor', 2),
	(36, 'Kra Daadi', 2),
	(37, 'Kurung Kumey', 2),
	(38, 'Leparada', 2),
	(39, 'Lohit', 2),
	(40, 'Longding', 2),
	(41, 'Lower Dibang Valley', 2),
	(42, 'Lower Siang', 2),
	(43, 'Lower Subansiri', 2),
	(44, 'Namsai', 2),
	(45, 'Pakke Kessang', 2),
	(46, 'Papum Pare', 2),
	(47, 'Shi Yomi', 2),
	(48, 'Siang', 2),
	(49, 'Tawang', 2),
	(50, 'Tirap', 2),
	(51, 'Upper Siang', 2),
	(52, 'Upper Subansiri', 2),
	(53, 'West Kameng', 2),
	(54, 'West Siang', 2),
	(55, 'Bajali', 3),
	(56, 'Baksa', 3),
	(57, 'Barpeta', 3),
	(58, 'Biswanath', 3),
	(59, 'Bongaigaon', 3),
	(60, 'Cachar', 3),
	(61, 'Charaideo', 3),
	(62, 'Chirang', 3),
	(63, 'Darrang', 3),
	(64, 'Dhemaji', 3),
	(65, 'Dhubri', 3),
	(66, 'Dibrugarh', 3),
	(67, 'Dima Hasao', 3),
	(68, 'Goalpara', 3),
	(69, 'Golaghat', 3),
	(70, 'Hailakandi', 3),
	(71, 'Hojai', 3),
	(72, 'Jorhat', 3),
	(73, 'Kamrup', 3),
	(74, 'Kamrup Metro', 3),
	(75, 'Karbi Anglong', 3),
	(76, 'Karimganj', 3),
	(77, 'Kokrajhar', 3),
	(78, 'Lakhimpur', 3),
	(79, 'Majuli', 3),
	(80, 'Marigaon', 3),
	(81, 'Nagaon', 3),
	(82, 'Nalbari', 3),
	(83, 'Sivasagar', 3),
	(84, 'Sonitpur', 3),
	(85, 'South Salmara Mancachar', 3),
	(86, 'Tamulpur', 3),
	(87, 'Tinsukia', 3),
	(88, 'Udalguri', 3),
	(89, 'West Karbi Anglong', 3),
	(90, 'Araria', 4),
	(91, 'Arwal', 4),
	(92, 'Aurangabad', 4),
	(93, 'Banka', 4),
	(94, 'Begusarai', 4),
	(95, 'Bhagalpur', 4),
	(96, 'Bhojpur', 4),
	(97, 'Buxar', 4),
	(98, 'Darbhanga', 4),
	(99, 'Gaya', 4),
	(100, 'Gopalganj', 4),
	(101, 'Jamui', 4),
	(102, 'Jehanabad', 4),
	(103, 'Kaimur (Bhabua)', 4),
	(104, 'Katihar', 4),
	(105, 'Khagaria', 4),
	(106, 'Kishanganj', 4),
	(107, 'Lakhisarai', 4),
	(108, 'Madhepura', 4),
	(109, 'Madhubani', 4),
	(110, 'Munger', 4),
	(111, 'Muzaffarpur', 4),
	(112, 'Nalanda', 4),
	(113, 'Nawada', 4),
	(114, 'Pashchim Champaran', 4),
	(115, 'Patna', 4),
	(116, 'Purbi Champaran', 4),
	(117, 'Purnia', 4),
	(118, 'Rohtas', 4),
	(119, 'Saharsa', 4),
	(120, 'Samastipur', 4),
	(121, 'Saran', 4),
	(122, 'Sheikhpura', 4),
	(123, 'Sheohar', 4),
	(124, 'Sitamarhi', 4),
	(125, 'Siwan', 4),
	(126, 'Supaul', 4),
	(127, 'Vaishali', 4),
	(128, 'Balod', 5),
	(129, 'Balodabazar-Bhatapara', 5),
	(130, 'Balrampur-Ramanujganj', 5),
	(131, 'Bastar', 5),
	(132, 'Bemetara', 5),
	(133, 'Bijapur', 5),
	(134, 'Bilaspur', 5),
	(135, 'Dakshin Bastar Dantewada', 5),
	(136, 'Dhamtari', 5),
	(137, 'Durg', 5),
	(138, 'Gariyaband', 5),
	(139, 'Gaurela-Pendra-Marwahi', 5),
	(140, 'Janjgir-Champa', 5),
	(141, 'Jashpur', 5),
	(142, 'Kabeerdham', 5),
	(143, 'Khairagarh-Chhuikhadan-Gandai', 5),
	(144, 'Kondagaon', 5),
	(145, 'Korba', 5),
	(146, 'Korea', 5),
	(147, 'Mahasamund', 5),
	(148, 'Manendragarh-Chirmiri-Bharatpur(M C B)', 5),
	(149, 'Mohla-Manpur-Ambagarh Chouki', 5),
	(150, 'Mungeli', 5),
	(151, 'Narayanpur', 5),
	(152, 'Raigarh', 5),
	(153, 'Raipur', 5),
	(154, 'Rajnandgaon', 5),
	(155, 'Sakti', 5),
	(156, 'Sarangarh-Bilaigarh', 5),
	(157, 'Sukma', 5),
	(158, 'Surajpur', 5),
	(159, 'Surguja', 5),
	(160, 'Uttar Bastar Kanker', 5),
	(161, 'North Goa', 6),
	(162, 'South Goa', 6),
	(163, 'Ahmedabad', 7),
	(164, 'Amreli', 7),
	(165, 'Anand', 7),
	(166, 'Arvalli', 7),
	(167, 'Banas Kantha', 7),
	(168, 'Bharuch', 7),
	(169, 'Bhavnagar', 7),
	(170, 'Botad', 7),
	(171, 'Chhotaudepur', 7),
	(172, 'Dahod', 7),
	(173, 'Dangs', 7),
	(174, 'Devbhumi Dwarka', 7),
	(175, 'Gandhinagar', 7),
	(176, 'Gir Somnath', 7),
	(177, 'Jamnagar', 7),
	(178, 'Junagadh', 7),
	(179, 'Kachchh', 7),
	(180, 'Kheda', 7),
	(181, 'Mahesana', 7),
	(182, 'Mahisagar', 7),
	(183, 'Morbi', 7),
	(184, 'Narmada', 7),
	(185, 'Navsari', 7),
	(186, 'Panch Mahals', 7),
	(187, 'Patan', 7),
	(188, 'Porbandar', 7),
	(189, 'Rajkot', 7),
	(190, 'Sabar Kantha', 7),
	(191, 'Surat', 7),
	(192, 'Surendranagar', 7),
	(193, 'Tapi', 7),
	(194, 'Vadodara', 7),
	(195, 'Valsad', 7),
	(196, 'Ambala', 8),
	(197, 'Bhiwani', 8),
	(198, 'Charki Dadri', 8),
	(199, 'Faridabad', 8),
	(200, 'Fatehabad', 8),
	(201, 'Gurugram', 8),
	(202, 'Hisar', 8),
	(203, 'Jhajjar', 8),
	(204, 'Jind', 8),
	(205, 'Kaithal', 8),
	(206, 'Karnal', 8),
	(207, 'Kurukshetra', 8),
	(208, 'Mahendragarh', 8),
	(209, 'Nuh', 8),
	(210, 'Palwal', 8),
	(211, 'Panchkula', 8),
	(212, 'Panipat', 8),
	(213, 'Rewari', 8),
	(214, 'Rohtak', 8),
	(215, 'Sirsa', 8),
	(216, 'Sonipat', 8),
	(217, 'Yamunanagar', 8),
	(218, 'Bilaspur', 9),
	(219, 'Chamba', 9),
	(220, 'Hamirpur', 9),
	(221, 'Kangra', 9),
	(222, 'Kinnaur', 9),
	(223, 'Kullu', 9),
	(224, 'Lahaul And Spiti', 9),
	(225, 'Mandi', 9),
	(226, 'Shimla', 9),
	(227, 'Sirmaur', 9),
	(228, 'Solan', 9),
	(229, 'Una', 9),
	(230, 'Bokaro', 10),
	(231, 'Chatra', 10),
	(232, 'Deoghar', 10),
	(233, 'Dhanbad', 10),
	(234, 'Dumka', 10),
	(235, 'East Singhbum', 10),
	(236, 'Garhwa', 10),
	(237, 'Giridih', 10),
	(238, 'Godda', 10),
	(239, 'Gumla', 10),
	(240, 'Hazaribagh', 10),
	(241, 'Jamtara', 10),
	(242, 'Khunti', 10),
	(243, 'Koderma', 10),
	(244, 'Latehar', 10),
	(245, 'Lohardaga', 10),
	(246, 'Pakur', 10),
	(247, 'Palamu', 10),
	(248, 'Ramgarh', 10),
	(249, 'Ranchi', 10),
	(250, 'Sahebganj', 10),
	(251, 'Saraikela Kharsawan', 10),
	(252, 'Simdega', 10),
	(253, 'West Singhbhum', 10),
	(254, 'Bagalkote', 11),
	(255, 'Ballari', 11),
	(256, 'Belagavi', 11),
	(257, 'Bengaluru Rural', 11),
	(258, 'Bengaluru Urban', 11),
	(259, 'Bidar', 11),
	(260, 'Chamarajanagara', 11),
	(261, 'Chikkaballapura', 11),
	(262, 'Chikkamagaluru', 11),
	(263, 'Chitradurga', 11),
	(264, 'Dakshina Kannada', 11),
	(265, 'Davangere', 11),
	(266, 'Dharwad', 11),
	(267, 'Gadag', 11),
	(268, 'Hassan', 11),
	(269, 'Haveri', 11),
	(270, 'Kalaburagi', 11),
	(271, 'Kodagu', 11),
	(272, 'Kolar', 11),
	(273, 'Koppal', 11),
	(274, 'Mandya', 11),
	(275, 'Mysuru', 11),
	(276, 'Raichur', 11),
	(277, 'Ramanagara', 11),
	(278, 'Shivamogga', 11),
	(279, 'Tumakuru', 11),
	(280, 'Udupi', 11),
	(281, 'Uttara Kannada', 11),
	(282, 'Vijayanagar', 11),
	(283, 'Vijayapura', 11),
	(284, 'Yadgir', 11),
	(285, 'Alappuzha', 12),
	(286, 'Ernakulam', 12),
	(287, 'Idukki', 12),
	(288, 'Kannur', 12),
	(289, 'Kasaragod', 12),
	(290, 'Kollam', 12),
	(291, 'Kottayam', 12),
	(292, 'Kozhikode', 12),
	(293, 'Malappuram', 12),
	(294, 'Palakkad', 12),
	(295, 'Pathanamthitta', 12),
	(296, 'Thiruvananthapuram', 12),
	(297, 'Thrissur', 12),
	(298, 'Wayanad', 12),
	(299, 'Agar-Malwa', 13),
	(300, 'Alirajpur', 13),
	(301, 'Anuppur', 13),
	(302, 'Ashoknagar', 13),
	(303, 'Balaghat', 13),
	(304, 'Barwani', 13),
	(305, 'Betul', 13),
	(306, 'Bhind', 13),
	(307, 'Bhopal', 13),
	(308, 'Burhanpur', 13),
	(309, 'Chhatarpur', 13),
	(310, 'Chhindwara', 13),
	(311, 'Damoh', 13),
	(312, 'Datia', 13),
	(313, 'Dewas', 13),
	(314, 'Dhar', 13),
	(315, 'Dindori', 13),
	(316, 'Guna', 13),
	(317, 'Gwalior', 13),
	(318, 'Harda', 13),
	(319, 'Indore', 13),
	(320, 'Jabalpur', 13),
	(321, 'Jhabua', 13),
	(322, 'Katni', 13),
	(323, 'Khandwa (East Nimar)', 13),
	(324, 'Khargone (West Nimar)', 13),
	(325, 'MAUGANJ', 13),
	(326, 'Maihar', 13),
	(327, 'Mandla', 13),
	(328, 'Mandsaur', 13),
	(329, 'Morena', 13),
	(330, 'Narmadapuram', 13),
	(331, 'Narsimhapur', 13),
	(332, 'Neemuch', 13),
	(333, 'Niwari', 13),
	(334, 'Pandhurna', 13),
	(335, 'Panna', 13),
	(336, 'Raisen', 13),
	(337, 'Rajgarh', 13),
	(338, 'Ratlam', 13),
	(339, 'Rewa', 13),
	(340, 'Sagar', 13),
	(341, 'Satna', 13),
	(342, 'Sehore', 13),
	(343, 'Seoni', 13),
	(344, 'Shahdol', 13),
	(345, 'Shajapur', 13),
	(346, 'Sheopur', 13),
	(347, 'Shivpuri', 13),
	(348, 'Sidhi', 13),
	(349, 'Singrauli', 13),
	(350, 'Tikamgarh', 13),
	(351, 'Ujjain', 13),
	(352, 'Umaria', 13),
	(353, 'Vidisha', 13),
	(354, 'Ahmednagar', 14),
	(355, 'Akola', 14),
	(356, 'Amravati', 14),
	(357, 'Beed', 14),
	(358, 'Bhandara', 14),
	(359, 'Buldhana', 14),
	(360, 'Chandrapur', 14),
	(361, 'Chhatrapati Sambhajinagar', 14),
	(362, 'Dharashiv', 14),
	(363, 'Dhule', 14),
	(364, 'Gadchiroli', 14),
	(365, 'Gondia', 14),
	(366, 'Hingoli', 14),
	(367, 'Jalgaon', 14),
	(368, 'Jalna', 14),
	(369, 'Kolhapur', 14),
	(370, 'Latur', 14),
	(371, 'Mumbai', 14),
	(372, 'Mumbai Suburban', 14),
	(373, 'Nagpur', 14),
	(374, 'Nanded', 14),
	(375, 'Nandurbar', 14),
	(376, 'Nashik', 14),
	(377, 'Palghar', 14),
	(378, 'Parbhani', 14),
	(379, 'Pune', 14),
	(380, 'Raigad', 14),
	(381, 'Ratnagiri', 14),
	(382, 'Sangli', 14),
	(383, 'Satara', 14),
	(384, 'Sindhudurg', 14),
	(385, 'Solapur', 14),
	(386, 'Thane', 14),
	(387, 'Wardha', 14),
	(388, 'Washim', 14),
	(389, 'Yavatmal', 14),
	(390, 'Bishnupur', 15),
	(391, 'Chandel', 15),
	(392, 'Churachandpur', 15),
	(393, 'Imphal East', 15),
	(394, 'Imphal West', 15),
	(395, 'Jiribam', 15),
	(396, 'Kakching', 15),
	(397, 'Kamjong', 15),
	(398, 'Kangpokpi', 15),
	(399, 'Noney', 15),
	(400, 'Pherzawl', 15),
	(401, 'Senapati', 15),
	(402, 'Tamenglong', 15),
	(403, 'Tengnoupal', 15),
	(404, 'Thoubal', 15),
	(405, 'Ukhrul', 15),
	(406, 'East Garo Hills', 16),
	(407, 'East Jaintia Hills', 16),
	(408, 'East Khasi Hills', 16),
	(409, 'Eastern West Khasi Hills', 16),
	(410, 'North Garo Hills', 16),
	(411, 'Ri Bhoi', 16),
	(412, 'South Garo Hills', 16),
	(413, 'South West Garo Hills', 16),
	(414, 'South West Khasi Hills', 16),
	(415, 'West Garo Hills', 16),
	(416, 'West Jaintia Hills', 16),
	(417, 'West Khasi Hills', 16),
	(418, 'Aizawl', 17),
	(419, 'Champhai', 17),
	(420, 'Hnahthial', 17),
	(421, 'Khawzawl', 17),
	(422, 'Kolasib', 17),
	(423, 'Lawngtlai', 17),
	(424, 'Lunglei', 17),
	(425, 'Mamit', 17),
	(426, 'Saitual', 17),
	(427, 'Serchhip', 17),
	(428, 'Siaha', 17),
	(429, 'Chumoukedima', 18),
	(430, 'Dimapur', 18),
	(431, 'Kiphire', 18),
	(432, 'Kohima', 18),
	(433, 'Longleng', 18),
	(434, 'Mokokchung', 18),
	(435, 'Mon', 18),
	(436, 'Niuland', 18),
	(437, 'Noklak', 18),
	(438, 'Peren', 18),
	(439, 'Phek', 18),
	(440, 'Shamator', 18),
	(441, 'Tseminyu', 18),
	(442, 'Tuensang', 18),
	(443, 'Wokha', 18),
	(444, 'Zunheboto', 18),
	(445, 'Anugul', 19),
	(446, 'Balangir', 19),
	(447, 'Baleshwar', 19),
	(448, 'Bargarh', 19),
	(449, 'Bhadrak', 19),
	(450, 'Boudh', 19),
	(451, 'Cuttack', 19),
	(452, 'Deogarh', 19),
	(453, 'Dhenkanal', 19),
	(454, 'Gajapati', 19),
	(455, 'Ganjam', 19),
	(456, 'Jagatsinghapur', 19),
	(457, 'Jajapur', 19),
	(458, 'Jharsuguda', 19),
	(459, 'Kalahandi', 19),
	(460, 'Kandhamal', 19),
	(461, 'Kendrapara', 19),
	(462, 'Kendujhar', 19),
	(463, 'Khordha', 19),
	(464, 'Koraput', 19),
	(465, 'Malkangiri', 19),
	(466, 'Mayurbhanj', 19),
	(467, 'Nabarangpur', 19),
	(468, 'Nayagarh', 19),
	(469, 'Nuapada', 19),
	(470, 'Puri', 19),
	(471, 'Rayagada', 19),
	(472, 'Sambalpur', 19),
	(473, 'Sonepur', 19),
	(474, 'Sundargarh', 19),
	(475, 'Amritsar', 20),
	(476, 'Barnala', 20),
	(477, 'Bathinda', 20),
	(478, 'Faridkot', 20),
	(479, 'Fatehgarh Sahib', 20),
	(480, 'Fazilka', 20),
	(481, 'Ferozepur', 20),
	(482, 'Gurdaspur', 20),
	(483, 'Hoshiarpur', 20),
	(484, 'Jalandhar', 20),
	(485, 'Kapurthala', 20),
	(486, 'Ludhiana', 20),
	(487, 'Malerkotla', 20),
	(488, 'Mansa', 20),
	(489, 'Moga', 20),
	(490, 'Pathankot', 20),
	(491, 'Patiala', 20),
	(492, 'Rupnagar', 20),
	(493, 'S.A.S Nagar', 20),
	(494, 'Sangrur', 20),
	(495, 'Shahid Bhagat Singh Nagar', 20),
	(496, 'Sri Muktsar Sahib', 20),
	(497, 'Tarn Taran', 20),
	(498, 'Ajmer', 21),
	(499, 'Alwar', 21),
	(500, 'Anupgarh', 21),
	(501, 'Balotra', 21),
	(502, 'Banswara', 21),
	(503, 'Baran', 21),
	(504, 'Barmer', 21),
	(505, 'Beawar', 21),
	(506, 'Bharatpur', 21),
	(507, 'Bhilwara', 21),
	(508, 'Bikaner', 21),
	(509, 'Bundi', 21),
	(510, 'Chittorgarh', 21),
	(511, 'Churu', 21),
	(512, 'Dausa', 21),
	(513, 'Deeg', 21),
	(514, 'Dholpur', 21),
	(515, 'Didwana-Kuchaman', 21),
	(516, 'Dudu', 21),
	(517, 'Dungarpur', 21),
	(518, 'Ganganagar', 21),
	(519, 'Gangapurcity', 21),
	(520, 'Hanumangarh', 21),
	(521, 'Jaipur', 21),
	(522, 'Jaipur (Gramin)', 21),
	(523, 'Jodhpur (Gramin)', 21),
	(524, 'Karauli', 21),
	(525, 'Kekri', 21),
	(526, 'Khairthal-Tijara', 21),
	(527, 'Kota', 21),
	(528, 'Jaisalmer', 21),
	(529, 'Jalore', 21),
	(530, 'Jhalawar', 21),
	(531, 'Jhunjhunu', 21),
	(532, 'Jodhpur', 21),
	(533, 'Kotputli-Behror', 21),
	(534, 'Nagaur', 21),
	(535, 'Neem Ka Thana', 21),
	(536, 'Pali', 21),
	(537, 'Phalodi', 21),
	(538, 'Pratapgarh', 21),
	(539, 'Rajsamand', 21),
	(540, 'Salumbar', 21),
	(541, 'Sanchore', 21),
	(542, 'Sawai Madhopur', 21),
	(543, 'Shahpura', 21),
	(544, 'Sikar', 21),
	(545, 'Sirohi', 21),
	(546, 'Tonk', 21),
	(547, 'Udaipur', 21),
	(548, 'Gangtok', 22),
	(549, 'Gyalshing', 22),
	(550, 'Mangan', 22),
	(551, 'Namchi', 22),
	(552, 'Pakyong', 22),
	(553, 'Soreng', 22),
	(554, 'Ariyalur', 23),
	(555, 'Chengalpattu', 23),
	(556, 'Chennai', 23),
	(557, 'Coimbatore', 23),
	(558, 'Cuddalore', 23),
	(559, 'Dharmapuri', 23),
	(560, 'Dindigul', 23),
	(561, 'Erode', 23),
	(562, 'Kallakurichi', 23),
	(563, 'Kancheepuram', 23),
	(564, 'Kanniyakumari', 23),
	(565, 'Karur', 23),
	(566, 'Krishnagiri', 23),
	(567, 'Madurai', 23),
	(568, 'Mayiladuthurai', 23),
	(569, 'Nagapattinam', 23),
	(570, 'Namakkal', 23),
	(571, 'Perambalur', 23),
	(572, 'Pudukkottai', 23),
	(573, 'Ramanathapuram', 23),
	(574, 'Ranipet', 23),
	(575, 'Salem', 23),
	(576, 'Sivaganga', 23),
	(577, 'Tenkasi', 23),
	(578, 'Thanjavur', 23),
	(579, 'The Nilgiris', 23),
	(580, 'Theni', 23),
	(581, 'Thiruvallur', 23),
	(582, 'Thiruvarur', 23),
	(583, 'Thoothukkudi', 23),
	(584, 'Tiruchirappalli', 23),
	(585, 'Tirunelveli', 23),
	(586, 'Tirupathur', 23),
	(587, 'Tiruppur', 23),
	(588, 'Tiruvannamalai', 23),
	(589, 'Vellore', 23),
	(590, 'Viluppuram', 23),
	(591, 'Virudhunagar', 23),
	(592, 'Adilabad', 24),
	(593, 'Bhadradri Kothagudem', 24),
	(594, 'Hanumakonda', 24),
	(595, 'Hyderabad', 24),
	(596, 'Jagitial', 24),
	(597, 'Jangoan', 24),
	(598, 'Jayashankar Bhupalapally', 24),
	(599, 'Jogulamba Gadwal', 24),
	(600, 'Kamareddy', 24),
	(601, 'Karimnagar', 24),
	(602, 'Khammam', 24),
	(603, 'Kumuram Bheem Asifabad', 24),
	(604, 'Mahabubabad', 24),
	(605, 'Mahabubnagar', 24),
	(606, 'Mancherial', 24),
	(607, 'Medak', 24),
	(608, 'Medchal Malkajgiri', 24),
	(609, 'Mulugu', 24),
	(610, 'Nagarkurnool', 24),
	(611, 'Nalgonda', 24),
	(612, 'Narayanpet', 24),
	(613, 'Nirmal', 24),
	(614, 'Nizamabad', 24),
	(615, 'Peddapalli', 24),
	(616, 'Rajanna Sircilla', 24),
	(617, 'Ranga Reddy', 24),
	(618, 'Sangareddy', 24),
	(619, 'Siddipet', 24),
	(620, 'Suryapet', 24),
	(621, 'Vikarabad', 24),
	(622, 'Wanaparthy', 24),
	(623, 'Warangal', 24),
	(624, 'Yadadri Bhuvanagiri', 24),
	(625, 'Dhalai', 25),
	(626, 'Gomati', 25),
	(627, 'Khowai', 25),
	(628, 'North Tripura', 25),
	(629, 'Sepahijala', 25),
	(630, 'South Tripura', 25),
	(631, 'Unakoti', 25),
	(632, 'West Tripura', 25),
	(633, 'Agra', 26),
	(634, 'Aligarh', 26),
	(635, 'Ambedkar Nagar', 26),
	(636, 'Amethi', 26),
	(637, 'Amroha', 26),
	(638, 'Auraiya', 26),
	(639, 'Ayodhya', 26),
	(640, 'Azamgarh', 26),
	(641, 'Baghpat', 26),
	(642, 'Bahraich', 26),
	(643, 'Ballia', 26),
	(644, 'Balrampur', 26),
	(645, 'Banda', 26),
	(646, 'Bara Banki', 26),
	(647, 'Bareilly', 26),
	(648, 'Basti', 26),
	(649, 'Bhadohi', 26),
	(650, 'Bijnor', 26),
	(651, 'Budaun', 26),
	(652, 'Bulandshahr', 26),
	(653, 'Chandauli', 26),
	(654, 'Chitrakoot', 26),
	(655, 'Deoria', 26),
	(656, 'Etah', 26),
	(657, 'Etawah', 26),
	(658, 'Farrukhabad', 26),
	(659, 'Fatehpur', 26),
	(660, 'Firozabad', 26),
	(661, 'Gautam Buddha Nagar', 26),
	(662, 'Ghaziabad', 26),
	(663, 'Ghazipur', 26),
	(664, 'Gonda', 26),
	(665, 'Gorakhpur', 26),
	(666, 'Hamirpur', 26),
	(667, 'Hapur', 26),
	(668, 'Hardoi', 26),
	(669, 'Hathras', 26),
	(670, 'Jalaun', 26),
	(671, 'Jaunpur', 26),
	(672, 'Jhansi', 26),
	(673, 'Kannauj', 26),
	(674, 'Kanpur Dehat', 26),
	(675, 'Kanpur Nagar', 26),
	(676, 'Kasganj', 26),
	(677, 'Kaushambi', 26),
	(678, 'Kheri', 26),
	(679, 'Kushinagar', 26),
	(680, 'Lalitpur', 26),
	(681, 'Lucknow', 26),
	(682, 'Mahoba', 26),
	(683, 'Mahrajganj', 26),
	(684, 'Mainpuri', 26),
	(685, 'Mathura', 26),
	(686, 'Mau', 26),
	(687, 'Meerut', 26),
	(688, 'Mirzapur', 26),
	(689, 'Moradabad', 26),
	(690, 'Muzaffarnagar', 26),
	(691, 'Pilibhit', 26),
	(692, 'Pratapgarh', 26),
	(693, 'Prayagraj', 26),
	(694, 'Rae Bareli', 26),
	(695, 'Rampur', 26),
	(696, 'Saharanpur', 26),
	(697, 'Sambhal', 26),
	(698, 'Sant Kabir Nagar', 26),
	(699, 'Shahjahanpur', 26),
	(700, 'Shamli', 26),
	(701, 'Shrawasti', 26),
	(702, 'Siddharthnagar', 26),
	(703, 'Sitapur', 26),
	(704, 'Sonbhadra', 26),
	(705, 'Sultanpur', 26),
	(706, 'Unnao', 26),
	(707, 'Varanasi', 26),
	(708, 'Almora', 27),
	(709, 'Bageshwar', 27),
	(710, 'Chamoli', 27),
	(711, 'Champawat', 27),
	(712, 'Dehradun', 27),
	(713, 'Haridwar', 27),
	(714, 'Nainital', 27),
	(715, 'Pauri Garhwal', 27),
	(716, 'Pithoragarh', 27),
	(717, 'Rudra Prayag', 27),
	(718, 'Tehri Garhwal', 27),
	(719, 'Udam Singh Nagar', 27),
	(720, 'Uttar Kashi', 27),
	(721, 'Alipurduar', 28),
	(722, 'Bankura', 28),
	(723, 'Birbhum', 28),
	(724, 'Cooch Behar', 28),
	(725, 'Dakshin Dinajpur', 28),
	(726, 'Darjeeling', 28),
	(727, 'Hooghly', 28),
	(728, 'Howrah', 28),
	(729, 'Jalpaiguri', 28),
	(730, 'Jhargram', 28),
	(731, 'Kalimpong', 28),
	(732, 'Kolkata', 28),
	(733, 'Malda', 28),
	(734, 'Murshidabad', 28),
	(735, 'Nadia', 28),
	(736, 'North 24 Parganas', 28),
	(737, 'Paschim Bardhaman', 28),
	(738, 'Paschim Medinipur', 28),
	(739, 'Purba Bardhaman', 28),
	(740, 'Purba Medinipur', 28),
	(741, 'Purulia', 28),
	(742, 'South 24 Parganas', 28),
	(743, 'Uttar Dinajpur', 28),
	(744, 'Nicobars', 29),
	(745, 'North And Middle Andaman', 29),
	(746, 'South Andamans', 29),
	(747, 'Chandigarh', 30),
	(748, 'Dadra And Nagar Haveli ', 31),
	(749, 'Daman', 31),
	(750, 'Diu', 31),
	(751, 'Central', 32),
	(752, 'East', 32),
	(753, 'New Delhi', 32),
	(754, 'North', 32),
	(755, 'North East', 32),
	(756, 'North West', 32),
	(757, 'Shahdara', 32),
	(758, 'South', 32),
	(759, 'South East', 32),
	(760, 'South West', 32),
	(761, 'West', 32),
	(762, 'Kargil', 33),
	(763, 'Leh Ladakh', 33),
	(764, 'Lakshadweep', 34),
	(765, 'Anantnag', 35),
	(766, 'Bandipora', 35),
	(767, 'Baramulla', 35),
	(768, 'Budgam', 35),
	(769, 'Doda', 35),
	(770, 'Ganderbal', 35),
	(771, 'Jammu', 35),
	(772, 'Kathua', 35),
	(773, 'Kishtwar', 35),
	(774, 'Kulgam', 35),
	(775, 'Kupwara', 35),
	(776, 'Poonch', 35),
	(777, 'Pulwama', 35),
	(778, 'Rajouri', 35),
	(779, 'Ramban', 35),
	(780, 'Reasi', 35),
	(781, 'Samba', 35),
	(782, 'Shopian', 35),
	(783, 'Srinagar', 35),
	(784, 'Udhampur', 35),
	(785, 'Karaikal', 36),
	(786, 'Mahe', 36),
	(787, 'Pondicherry', 36),
	(788, 'Yanam', 36);

-- Dumping structure for table project_data.invoice_itemlist
CREATE TABLE IF NOT EXISTS `invoice_itemlist` (
  `id` int(11) NOT NULL AUTO_INCREMENT,
  `invoice_id` int(11) DEFAULT NULL,
  `item_id` int(11) DEFAULT NULL,
  `amount` decimal(20,2) NOT NULL,
  `quantity` int(20) NOT NULL,
  PRIMARY KEY (`id`),
  KEY `invoice_id` (`invoice_id`),
  KEY `item_id` (`item_id`),
  CONSTRAINT `invoice_itemlist_ibfk_1` FOREIGN KEY (`invoice_id`) REFERENCES `invoice_master` (`id`),
  CONSTRAINT `invoice_itemlist_ibfk_2` FOREIGN KEY (`item_id`) REFERENCES `item_master` (`id`)
) ENGINE=InnoDB AUTO_INCREMENT=263 DEFAULT CHARSET=utf8mb4 COLLATE=utf8mb4_general_ci;

-- Dumping data for table project_data.invoice_itemlist: ~15 rows (approximately)
INSERT INTO `invoice_itemlist` (`id`, `invoice_id`, `item_id`, `amount`, `quantity`) VALUES
	(194, 27, 3, 20.34, 1),
	(195, 27, 4, 2342.34, 1),
	(196, 27, 2, 93.72, 4),
	(197, 28, 3, 20.34, 1),
	(198, 28, 4, 4684.68, 2),
	(207, 49, 4, 2342.34, 1),
	(208, 49, 3, 20.34, 1),
	(209, 49, 2, 23.43, 1),
	(210, 49, 14, 203.23, 1),
	(256, 50, 4, 2342.34, 1),
	(257, 50, 3, 20.34, 1),
	(259, 56, 3, 20.34, 1),
	(260, 56, 14, 203.23, 1),
	(261, 57, 3, 20.34, 1),
	(262, 62, 10, 234.00, 1);

-- Dumping structure for table project_data.invoice_master
CREATE TABLE IF NOT EXISTS `invoice_master` (
  `id` int(11) NOT NULL AUTO_INCREMENT,
  `invoice_no` int(30) DEFAULT NULL,
  `invoice_date` date DEFAULT NULL,
  `client_id` int(11) DEFAULT NULL,
  `total_amount` decimal(30,2) DEFAULT NULL,
  PRIMARY KEY (`id`),
  UNIQUE KEY `invoice_no` (`invoice_no`),
  KEY `client_id` (`client_id`),
  CONSTRAINT `invoice_master_ibfk_1` FOREIGN KEY (`client_id`) REFERENCES `client_master` (`id`)
) ENGINE=InnoDB AUTO_INCREMENT=63 DEFAULT CHARSET=utf8mb4 COLLATE=utf8mb4_general_ci;

-- Dumping data for table project_data.invoice_master: ~7 rows (approximately)
INSERT INTO `invoice_master` (`id`, `invoice_no`, `invoice_date`, `client_id`, `total_amount`) VALUES
	(27, 10027, '2025-01-31', 3, 2456.40),
	(28, 10028, '2025-01-31', 3, 4705.02),
	(49, 10035, '2025-02-27', 9, 2589.34),
	(50, 10051, '2025-02-27', 9, 2362.68),
	(56, 10052, '2025-03-06', 8, 223.57),
	(57, 10058, '2025-03-06', 12, 20.34),
	(62, 10059, '2025-03-06', 1, 234.00);

-- Dumping structure for table project_data.item_master
CREATE TABLE IF NOT EXISTS `item_master` (
  `id` int(11) NOT NULL AUTO_INCREMENT,
  `itemName` varchar(50) NOT NULL,
  `itemPrice` decimal(15,2) NOT NULL,
  `itemD` varchar(200) NOT NULL,
  `itemPath` varchar(50) NOT NULL,
  PRIMARY KEY (`id`),
  UNIQUE KEY `itemName` (`itemName`)
) ENGINE=InnoDB AUTO_INCREMENT=18 DEFAULT CHARSET=utf8mb4 COLLATE=utf8mb4_general_ci;

-- Dumping data for table project_data.item_master: ~11 rows (approximately)
INSERT INTO `item_master` (`id`, `itemName`, `itemPrice`, `itemD`, `itemPath`) VALUES
	(1, 'htyuty', 6546.68, 'uytututyuyt', 'dashboard.png'),
	(2, 'nailpant', 23.43, 'waw', 'sansoftwares_logo.png'),
	(3, 'chips', 20.34, 'yummy', 'san1.png'),
	(4, 'kurkure', 2342.34, 'spicy', 'sansoftwares_logo1.png'),
	(6, 'xyz', 2.40, 'dfgdfg', 'dashboard8.png'),
	(7, 'fdgf', 34345.00, 'fbfdgfg', 'sansoftwares_logo.png'),
	(10, 'maggy', 234.00, 'erg rtgrfg', 'dashboard4.png'),
	(11, 'doll', 20.00, 'pretty', 'dashboard5.png'),
	(14, 'shampoo', 203.23, 'dfgdfgdfg', 'dashboard6.png'),
	(15, 'shampoo12', 203.23, 'dfgdfgdfg', 'san2.png'),
	(17, 'jeans', 100.34, 'dfgfgdfgh', 'dashboard9.png');

-- Dumping structure for table project_data.menu
CREATE TABLE IF NOT EXISTS `menu` (
  `menu_id` int(11) NOT NULL AUTO_INCREMENT,
  `menu_name` varchar(20) DEFAULT NULL,
  `menu_path` varchar(30) DEFAULT NULL,
  `menu_icon` varchar(20) DEFAULT NULL,
  `priority` int(10) DEFAULT NULL,
  PRIMARY KEY (`menu_id`),
  UNIQUE KEY `priority` (`priority`)
) ENGINE=InnoDB AUTO_INCREMENT=7 DEFAULT CHARSET=utf8mb4 COLLATE=utf8mb4_general_ci;

-- Dumping data for table project_data.menu: ~6 rows (approximately)
INSERT INTO `menu` (`menu_id`, `menu_name`, `menu_path`, `menu_icon`, `priority`) VALUES
	(1, 'Dashboard', 'home', 'bi-grid', 1),
	(2, 'User Master', 'usermaster', 'bi-person-circle', 2),
	(3, 'Client Master', 'clientmaster', 'bi-people-fill', 3),
	(4, 'Item Master', 'itemmaster', 'bi-basket2', 4),
	(5, 'invoice Master', 'invoicemaster', 'bi-calendar4', 5),
	(6, 'User Permission', 'userpermission', 'bi-backpack', 6);

-- Dumping structure for table project_data.state_master
CREATE TABLE IF NOT EXISTS `state_master` (
  `state_id` smallint(5) NOT NULL AUTO_INCREMENT,
  `state_name` varchar(100) NOT NULL,
  `state_code` char(2) NOT NULL,
  PRIMARY KEY (`state_id`)
) ENGINE=InnoDB AUTO_INCREMENT=37 DEFAULT CHARSET=utf8mb4 COLLATE=utf8mb4_general_ci;

-- Dumping data for table project_data.state_master: ~36 rows (approximately)
INSERT INTO `state_master` (`state_id`, `state_name`, `state_code`) VALUES
	(1, 'Andhra Pradesh', '37'),
	(2, 'Arunachal Pradesh', '12'),
	(3, 'Assam', '18'),
	(4, 'Bihar', '10'),
	(5, 'Chhattisgarh', '22'),
	(6, 'Goa', '30'),
	(7, 'Gujarat', '24'),
	(8, 'Haryana', '06'),
	(9, 'Himachal Pradesh', '02'),
	(10, 'Jharkhand', '20'),
	(11, 'Karnataka', '29'),
	(12, 'Kerala', '32'),
	(13, 'Madhya Pradesh', '23'),
	(14, 'Maharashtra', '27'),
	(15, 'Manipur', '14'),
	(16, 'Meghalaya', '17'),
	(17, 'Mizoram', '15'),
	(18, 'Nagaland', '13'),
	(19, 'Odisha', '21'),
	(20, 'Punjab', '03'),
	(21, 'Rajasthan', '08'),
	(22, 'Sikkim', '11'),
	(23, 'Tamil Nadu', '33'),
	(24, 'Telangana', '36'),
	(25, 'Tripura', '16'),
	(26, 'Uttar Pradesh', '09'),
	(27, 'Uttarakhand', '05'),
	(28, 'West Bengal', '19'),
	(29, 'Andaman and Nicobar Island', '35'),
	(30, 'Chandigarh', '04'),
	(31, 'Dadra and Nagar Haveli and Daman and Diu', '26'),
	(32, 'Delhi', '07'),
	(33, 'Ladakh', '38'),
	(34, 'Lakshadweep', '31'),
	(35, 'Jammu and Kashmir', '01'),
	(36, 'Puducherry', '34');

-- Dumping structure for table project_data.users_log
CREATE TABLE IF NOT EXISTS `users_log` (
  `id` int(11) NOT NULL AUTO_INCREMENT,
  `user_id` int(11) DEFAULT NULL,
  `menu_name` varchar(30) DEFAULT NULL,
  `action_time` timestamp NOT NULL DEFAULT current_timestamp(),
  `action` varchar(10) DEFAULT NULL,
  `data` text DEFAULT NULL,
  `action_on_table` varchar(30) DEFAULT NULL,
  `msg` varchar(60) DEFAULT NULL,
  PRIMARY KEY (`id`)
) ENGINE=InnoDB AUTO_INCREMENT=25 DEFAULT CHARSET=utf8mb4 COLLATE=utf8mb4_general_ci;

-- Dumping data for table project_data.users_log: ~4 rows (approximately)
INSERT INTO `users_log` (`id`, `user_id`, `menu_name`, `action_time`, `action`, `data`, `action_on_table`, `msg`) VALUES
	(20, 110, 'Invoice Master', '2025-03-06 05:37:44', 'update', '{"id":"56","name":"kiran","phone":"575675675677","email":"dimpalbasnal@gmail.com","address":"Nail, almora, nail chaukota, uttarakhand, 263665, 263665, Chamoli, Uttarakhand","invoice_no":"10052","client_id":"8","invoice_date":"2025-03-06","total_amount":"223.57","item_id":["3","14"],"quantity":["1","1"],"amount":["20.34","203.23"]}', 'invoice_master', 'xyz id 110 updated data on invoice_master on id 56'),
	(21, 110, 'Invoice Master', '2025-03-06 05:38:48', 'insert', '{"id":"null","name":"kiran","phone":"765734657347","email":"kirabndhfgdf@gmail.com","address":"nail","invoice_no":"10058","client_id":"12","invoice_date":"2025-03-06","total_amount":"20.34","item_id":["3","null"],"quantity":["1",""],"amount":["20.34",""]}', 'invoice_master', 'xyz id 110 inserted data on invoice_master on id 57'),
	(23, 110, 'User Master', '2025-03-06 08:37:26', 'update', '{"id":"116","name":"jinny","phone":"234353453456","email":"jinny@gmail.com"}', 'user_master', 'xyz id 110 updated data on user_master on id 116'),
	(24, 110, 'User Master', '2025-03-06 09:54:06', 'update', '{"id":"80","name":"Sophia Miller","phone":"6677889900","email":"sophia.miller@example.com"}', 'user_master', 'xyz id 110 updated data on user_master on id 80');

-- Dumping structure for table project_data.user_master
CREATE TABLE IF NOT EXISTS `user_master` (
  `id` int(11) NOT NULL AUTO_INCREMENT,
  `name` varchar(50) NOT NULL,
  `email` varchar(40) DEFAULT NULL,
  `phone` bigint(20) DEFAULT NULL,
  `PASSWORD` varchar(20) DEFAULT NULL,
  PRIMARY KEY (`id`),
  UNIQUE KEY `email` (`email`),
  UNIQUE KEY `phone` (`phone`)
) ENGINE=InnoDB AUTO_INCREMENT=117 DEFAULT CHARSET=utf8mb4 COLLATE=utf8mb4_general_ci;

-- Dumping data for table project_data.user_master: ~12 rows (approximately)
INSERT INTO `user_master` (`id`, `name`, `email`, `phone`, `PASSWORD`) VALUES
	(80, 'Sophia Miller', 'sophia.miller@example.com', 6677889900, 'fgyr56456'),
	(83, 'karan rawat', 'karan@gmail.com', 21474836546, '123SA24a'),
	(89, 'karan rawat', 'k12123@gmail.com', 3453453445, 'Dsrda5w3'),
	(90, 'karan rawat', 'ghj@gmail.com', 2147483647, 'DFsas5qwe'),
	(91, 'karishma', 'karishma@gmail.com', 8475873454, 'SDas54w53e4s'),
	(92, 'karan rawat', 'karan565@gmail.com', 214746546647, 'Dsdfas56qw'),
	(93, 'Kiran Basnal', 'kiran@gmail.com', 45645645646, '12345'),
	(100, 'karan rawat', 'kiran@564gmail.com', 456565644546, '5432544'),
	(102, 'komal rawat', 'dimpalbasnal@gmail.com', 35434545454, ''),
	(107, 'John Doe', 'dimpal35basnal@gmail.com', 5346578345, 'AE#@$as4'),
	(110, 'xyz', 'dimpalba34snal@gmail.com', 343242354235, '123321'),
	(116, 'jinny', 'jinny@gmail.com', 234353453456, 'Sa$3234sd');

-- Dumping structure for table project_data.user_permission
CREATE TABLE IF NOT EXISTS `user_permission` (
  `menu_id` int(11) DEFAULT NULL,
  `user_id` int(11) DEFAULT NULL,
  `add_records` tinyint(1) DEFAULT NULL,
  `update_records` tinyint(1) DEFAULT NULL,
  `delete_records` tinyint(1) DEFAULT NULL,
  `view_page` tinyint(1) DEFAULT NULL,
  KEY `menu_id` (`menu_id`),
  KEY `user_id` (`user_id`),
  CONSTRAINT `user_permission_ibfk_1` FOREIGN KEY (`menu_id`) REFERENCES `menu` (`menu_id`),
  CONSTRAINT `user_permission_ibfk_2` FOREIGN KEY (`user_id`) REFERENCES `user_master` (`id`)
) ENGINE=InnoDB DEFAULT CHARSET=utf8mb4 COLLATE=utf8mb4_general_ci;

-- Dumping data for table project_data.user_permission: ~44 rows (approximately)
INSERT INTO `user_permission` (`menu_id`, `user_id`, `add_records`, `update_records`, `delete_records`, `view_page`) VALUES
	(1, 100, 0, 0, 0, 0),
	(2, 100, 0, 0, 0, 1),
	(3, 100, 0, 0, 0, 0),
	(4, 100, 0, 0, 0, 0),
	(5, 100, 0, 0, 0, 0),
	(6, 100, 0, 0, 0, 0),
	(1, 91, 0, 0, 0, 0),
	(2, 91, 0, 0, 0, 0),
	(3, 91, 0, 0, 0, 0),
	(4, 91, 0, 0, 0, 0),
	(5, 91, 0, 0, 0, 0),
	(6, 91, 0, 0, 0, 0),
	(1, 107, 0, 0, 0, 0),
	(2, 107, 0, 1, 0, 1),
	(3, 107, 1, 1, 0, 0),
	(4, 107, 0, 0, 0, 0),
	(5, 107, 0, 0, 1, 0),
	(6, 107, 0, 0, 0, 0),
	(1, 90, 1, 0, 0, 0),
	(2, 90, 1, 0, 0, 0),
	(3, 90, 1, 0, 0, 0),
	(4, 90, 1, 0, 0, 0),
	(5, 90, 1, 0, 0, 0),
	(6, 90, 1, 0, 0, 0),
	(6, 93, 1, 1, 1, 1),
	(1, 102, 0, 1, 0, 0),
	(2, 102, 0, 1, 1, 1),
	(3, 102, 0, 0, 0, 0),
	(4, 102, 0, 0, 0, 0),
	(5, 102, 1, 0, 0, 0),
	(6, 102, 0, 0, 0, 0),
	(1, 93, 1, 1, 1, 1),
	(1, 110, 1, 1, 1, 1),
	(2, 110, 1, 1, 1, 1),
	(3, 110, 1, 1, 1, 1),
	(4, 110, 1, 1, 1, 1),
	(5, 110, 1, 1, 1, 1),
	(6, 110, 1, 1, 1, 1),
	(1, 116, 1, 1, 1, 1),
	(2, 116, 0, 0, 0, 1),
	(3, 116, 1, 0, 0, 0),
	(4, 116, 1, 1, 1, 0),
	(5, 116, 0, 0, 0, 0),
	(6, 116, 1, 1, 0, 0),
	(1, 89, 1, 0, 0, 1),
	(2, 89, 0, 0, 1, 0),
	(3, 89, 0, 1, 0, 1),
	(4, 89, 1, 0, 0, 0),
	(5, 89, 1, 1, 0, 0),
	(6, 89, 0, 0, 0, 0),
	(1, 92, 1, 1, 0, 1),
	(2, 92, 0, 0, 1, 0),
	(3, 92, 1, 0, 0, 1),
	(4, 92, 0, 1, 1, 0),
	(5, 92, 1, 0, 0, 0),
	(6, 92, 0, 1, 1, 0);

/*!40103 SET TIME_ZONE=IFNULL(@OLD_TIME_ZONE, 'system') */;
/*!40101 SET SQL_MODE=IFNULL(@OLD_SQL_MODE, '') */;
/*!40014 SET FOREIGN_KEY_CHECKS=IFNULL(@OLD_FOREIGN_KEY_CHECKS, 1) */;
/*!40101 SET CHARACTER_SET_CLIENT=@OLD_CHARACTER_SET_CLIENT */;
/*!40111 SET SQL_NOTES=IFNULL(@OLD_SQL_NOTES, 1) */;
